seed,initial_x,reward,duration,loss
1177941530,-0.5575414896011353,-200.0,200,0.0
2109704804,-0.40362268686294556,-200.0,200,0.0
926977561,-0.577836811542511,-200.0,200,0.0
86758667,-0.5153536796569824,-200.0,200,0.0
446602626,-0.4277811348438263,-200.0,200,0.002653607130050659
263682408,-0.5067217350006104,-200.0,200,0.6517550759017467
1706728447,-0.40966320037841797,-200.0,200,0.4873948760330677
997002489,-0.5752059817314148,-200.0,200,0.3503700191527605
428286473,-0.516267716884613,-200.0,200,0.2408131182938814
2071124056,-0.44475042819976807,-200.0,200,0.16252930231392385
512226751,-0.4713117480278015,-200.0,200,0.10673252057284116
298069256,-0.461159884929657,-200.0,200,0.06527431443333626
207550275,-0.44478127360343933,-200.0,200,0.04090528172440827
699231802,-0.5171505808830261,-200.0,200,0.024689974626526237
555603962,-0.4142543375492096,-200.0,200,0.013265450857579708
411689246,-0.5519942045211792,-200.0,200,0.006965108625590802
1514645084,-0.4674675464630127,-200.0,200,0.003225545794703066
690723780,-0.46052446961402893,-200.0,200,0.001456907904066611
1580859271,-0.4742445945739746,-200.0,200,0.000615386325516738
118643631,-0.4810366630554199,-200.0,200,0.00023849670331401284
2074915299,-0.5157527923583984,-200.0,200,9.440188945518457e-05
1365616735,-0.5108650922775269,-200.0,200,3.995027937889972e-05
514979546,-0.573322057723999,-200.0,200,1.801635752144648e-05
147275954,-0.5835705995559692,-200.0,200,9.412293188688636e-06
425934816,-0.5069386959075928,-200.0,200,5.813086750094953e-06
2094012148,-0.5680608749389648,-200.0,200,4.03516194637632e-06
485909736,-0.5167838335037231,-200.0,200,2.9728748677371185e-06
324809751,-0.5697552561759949,-200.0,200,2.2769071074435486e-06
573551451,-0.5885204076766968,-200.0,200,1.914450658659916e-06
633918070,-0.4945049285888672,-200.0,200,1.5191889951893246e-06
1396926729,-0.46127328276634216,-200.0,200,1.1874480014739675e-06
111222572,-0.41222161054611206,-200.0,200,9.834682305154273e-07
1625838119,-0.5254446268081665,-200.0,200,7.86115538176091e-07
1531287520,-0.436676561832428,-200.0,200,6.318641499092337e-07
705832102,-0.5230462551116943,-200.0,200,5.379890080803307e-07
857455358,-0.4302942156791687,-200.0,200,4.24758891313104e-07
210895665,-0.5661121606826782,-200.0,200,3.464901146799093e-07
1113748345,-0.5755905508995056,-200.0,200,2.9314793209778145e-07
1078231680,-0.5974511504173279,-200.0,200,2.350097474845825e-07
1483708620,-0.5245364904403687,-200.0,200,1.9524299659678946e-07
33327356,-0.4252219796180725,-200.0,200,1.6523367776244414e-07
93939939,-0.5825182199478149,-200.0,200,1.3390865206019952e-07
815038378,-0.4080178737640381,-200.0,200,1.0957259746646742e-07
559284631,-0.4486035108566284,-200.0,200,9.333447451354004e-08
245759663,-0.49594414234161377,-200.0,200,7.732817721262108e-08
899651046,-0.47498396039009094,-200.0,200,6.706762178509962e-08
1096732699,-0.5488777756690979,-200.0,200,5.748068815591978e-08
199592811,-0.5088878273963928,-200.0,200,5.019000582251465e-08
1492217472,-0.5178785920143127,-200.0,200,4.130215074837906e-08
176978058,-0.5248672962188721,-200.0,200,3.545725121512078e-08
1871322556,-0.42254793643951416,-200.0,200,3.104030838585459e-08
9672165,-0.5650787949562073,-200.0,200,3.142353307339363e-08
351627283,-0.4319843649864197,-200.0,200,3.13192276735208e-08
1497730906,-0.5408379435539246,-200.0,200,2.6075235837197398e-08
99230569,-0.5627570152282715,-200.0,200,2.322440195712261e-08
914333542,-0.4105163812637329,-200.0,200,2.8440940695872996e-08
1899570110,-0.4054981470108032,-200.0,200,2.449091425660299e-08
1901984732,-0.5498105883598328,-200.0,200,3.25460450767423e-08
135727780,-0.5836160182952881,-200.0,200,5.402466285886476e-08
302573113,-0.4337713420391083,-200.0,200,4.948770310875261e-08
2126916134,-0.42896750569343567,-200.0,200,4.153227564529516e-08
839613371,-0.47957155108451843,-200.0,200,1.1315700248815118e-06
337186085,-0.5049585103988647,-200.0,200,1.2359390393612557e-06
2104974357,-0.5797487497329712,-200.0,200,7.633394930053327e-06
720613576,-0.5084887742996216,-200.0,200,7.746514306745666e-06
420259361,-0.5283495783805847,-200.0,200,1.9568953348425565e-06
640693463,-0.5836525559425354,-200.0,200,3.1115911679080454e-06
695127481,-0.5931454300880432,-200.0,200,1.2039651392115047e-05
1728831099,-0.45404550433158875,-200.0,200,2.590958051769121e-06
2133867665,-0.46882209181785583,-200.0,200,2.1798254829263895e-05
847799477,-0.580129861831665,-200.0,200,5.382733161241049e-07
1908778021,-0.4311940670013428,-200.0,200,8.294751296489267e-08
222507812,-0.40938398241996765,-200.0,200,6.1512117918027795e-06
1899775975,-0.573336660861969,-200.0,200,1.074048736882105e-06
1695828706,-0.561074435710907,-200.0,200,1.3169505814403238e-05
534338063,-0.41616544127464294,-200.0,200,1.716210858830891e-06
1509906142,-0.45123422145843506,-200.0,200,8.26260134090262e-07
1940013300,-0.534329354763031,-200.0,200,1.2930526418131194e-06
736559768,-0.5151817202568054,-200.0,200,1.541508127047564e-05
579480980,-0.42915868759155273,-200.0,200,3.973361067437509e-06
1481925338,-0.40850013494491577,-200.0,200,1.1768372587539488e-07
1157963994,-0.40981587767601013,-200.0,200,2.777261704977718e-05
896548759,-0.49715474247932434,-200.0,200,1.8114601925844908e-06
1467361458,-0.5709956288337708,-200.0,200,3.92950414607185e-08
1659085288,-0.44064199924468994,-200.0,200,4.620666004484519e-07
1634930689,-0.4728687107563019,-200.0,200,7.387904365714348e-06
884361511,-0.5225621461868286,-200.0,200,2.597888105810853e-06
333517453,-0.41432082653045654,-200.0,200,2.639022427501914e-06
615164183,-0.579095184803009,-200.0,200,1.1366387498128461e-05
1860564751,-0.46520957350730896,-200.0,200,1.4014793805472436e-06
662096317,-0.4949689209461212,-200.0,200,7.856525512579537e-06
223743331,-0.5588007569313049,-200.0,200,2.315297779205139e-06
262149089,-0.4164431691169739,-200.0,200,1.351721480205015e-06
1510738028,-0.5766251683235168,-200.0,200,1.760009051395173e-05
733212190,-0.4316837787628174,-200.0,200,9.978253956433036e-07
1736633189,-0.40562283992767334,-200.0,200,1.736907975100621e-06
28184338,-0.42423906922340393,-200.0,200,1.1017611163879338e-05
44491102,-0.49651122093200684,-200.0,200,1.2153977650086746e-06
1675166867,-0.444445937871933,-200.0,200,7.16973223916284e-06
794620587,-0.5492709875106812,-200.0,200,1.672513017183519e-06
2017761745,-0.4038761854171753,-200.0,200,3.226663630357507e-05
1015782649,-0.5795326828956604,-200.0,200,1.0560311238805298e-07
2082797051,-0.5580537915229797,-200.0,200,2.46509716816945e-08
1414389803,-0.4906599223613739,-200.0,200,1.503956809756346e-08
1890946783,-0.5678651332855225,-200.0,200,1.1584818867049761e-06
540983957,-0.5740181803703308,-200.0,200,8.85148138877412e-06
62900230,-0.4663464426994324,-200.0,200,2.8462882255553268e-08
1866106126,-0.5145601630210876,-200.0,200,2.9284406750775815e-05
1704303131,-0.44421347975730896,-200.0,200,2.0538823487186165e-05
2127541194,-0.4882451891899109,-200.0,200,1.4509728316625114e-08
589823755,-0.5842380523681641,-200.0,200,9.7576366897556e-09
251033886,-0.40031948685646057,-200.0,200,1.1257407095399685e-08
359488949,-0.4848681390285492,-200.0,200,4.0426102714263835e-08
2076584325,-0.4891975522041321,-200.0,200,1.6488710571138655e-07
1503218254,-0.5970621705055237,-200.0,200,7.314764425245813e-05
799460095,-0.48474135994911194,-200.0,200,4.9039422265195754e-08
1716810788,-0.42400991916656494,-200.0,200,1.0094904610014055e-08
1222506307,-0.5956052541732788,-200.0,200,7.1100066634244284e-09
62214025,-0.41903966665267944,-200.0,200,5.061498086433858e-08
863680353,-0.4750531315803528,-200.0,200,3.399188699404476e-08
39697541,-0.4069051146507263,-200.0,200,1.2790805158147122e-06
1436783712,-0.5407455563545227,-200.0,200,5.835334582116047e-06
127175716,-0.5445917248725891,-200.0,200,1.256507295238407e-05
470031181,-0.5332609415054321,-200.0,200,1.2630621313292067e-07
1461674712,-0.5227511525154114,-200.0,200,2.0702523283944174e-05
1673826750,-0.45511922240257263,-200.0,200,2.4743855647102465e-07
1765634846,-0.5590662360191345,-200.0,200,4.3810205170302653e-08
804669086,-0.5973093509674072,-200.0,200,8.135844836942851e-08
2142787096,-0.5929170846939087,-200.0,200,1.360077975277818e-05
1158297706,-0.4101535677909851,-200.0,200,5.502586736838567e-07
2114875522,-0.5081161260604858,-200.0,200,1.582683325977996e-06
2094514633,-0.40778258442878723,-200.0,200,2.0878273790003733e-05
676009497,-0.5386874675750732,-200.0,200,3.844769253191771e-07
286951238,-0.4036976397037506,-200.0,200,9.480243534198963e-08
757091127,-0.5795626640319824,-200.0,200,1.039360548475088e-05
1067571711,-0.5194408893585205,-200.0,200,1.1322975055918504e-05
959578365,-0.540789008140564,-200.0,200,1.0777980605780612e-08
1999706412,-0.5988947153091431,-200.0,200,5.385120994105818e-07
1777497466,-0.5137041807174683,-200.0,200,1.3078437841613777e-05
1698690315,-0.5958848595619202,-200.0,200,3.616724534367677e-06
283891584,-0.4456702768802643,-200.0,200,8.91642330770992e-06
2140628939,-0.5502045750617981,-200.0,200,2.544400831538951e-07
1905571719,-0.5072963237762451,-200.0,200,1.375450574414572e-07
1507025202,-0.46756550669670105,-200.0,200,4.3218863274887554e-05
1139533285,-0.4781205654144287,-200.0,200,1.2892962331534363e-07
1603071274,-0.46215400099754333,-200.0,200,9.706864148029126e-09
726216177,-0.5169646143913269,-200.0,200,1.4636702871939633e-08
908793517,-0.46137866377830505,-200.0,200,7.299418030015658e-08
45731334,-0.5575116872787476,-200.0,200,1.2018672887279536e-05
590921644,-0.5327638983726501,-200.0,200,1.943759421010327e-06
460289067,-0.5016988515853882,-200.0,200,9.081589023480774e-06
1269921670,-0.45030590891838074,-200.0,200,4.6689852297276955e-06
790021068,-0.5401381850242615,-200.0,200,3.549884695530636e-08
1014143662,-0.4548214077949524,-200.0,200,1.0663158423085407e-05
442769226,-0.5084407329559326,-200.0,200,1.9372969118194304e-05
682134956,-0.5575730800628662,-200.0,200,1.2317719665588812e-07
51648591,-0.5669224262237549,-200.0,200,6.088293957873247e-09
978342577,-0.5777841806411743,-200.0,200,3.0523628129230927e-06
1141369555,-0.5482349991798401,-200.0,200,6.678466579614906e-06
1683321023,-0.5222862958908081,-200.0,200,9.057786974153714e-07
170786947,-0.5732989311218262,-200.0,200,1.484342784351611e-05
2074962590,-0.5961061716079712,-200.0,200,9.412848171450606e-06
1092208806,-0.41322070360183716,-200.0,200,4.776436526299221e-08
1126034280,-0.5089367032051086,-200.0,200,1.2027258662783424e-06
1460003813,-0.5394691228866577,-200.0,200,1.1027439995814348e-05
1315879961,-0.4293249249458313,-200.0,200,2.303004780515039e-06
388834170,-0.592004656791687,-200.0,200,5.8990258366975466e-08
2103486000,-0.429214745759964,-200.0,200,2.3783763240317057e-05
1798514278,-0.5461719036102295,-200.0,200,8.062156666710507e-09
1132077426,-0.41050776839256287,-200.0,200,9.57591232690902e-07
1108542909,-0.5091853141784668,-200.0,200,1.1490311972011113e-05
506410002,-0.5926799774169922,-200.0,200,7.322599094550241e-06
433883232,-0.5438112020492554,-200.0,200,4.828426426684018e-08
876370241,-0.49562516808509827,-200.0,200,2.5029131197698007e-05
1651329870,-0.5687602162361145,-200.0,200,5.630259738609311e-06
335574990,-0.5520647168159485,-200.0,200,8.11425252322806e-09
582471298,-0.4383222162723541,-200.0,200,1.3904086699767504e-08
666498027,-0.5488008856773376,-200.0,200,1.413510472048074e-07
234259789,-0.5370668172836304,-200.0,200,2.4393442422478984e-05
1092397515,-0.47442707419395447,-200.0,200,2.3655849872739056e-06
1653591166,-0.5787339210510254,-200.0,200,6.184682206367143e-09
1946737258,-0.5589839220046997,-200.0,200,1.77683887159219e-08
1476802044,-0.5066132545471191,-200.0,200,8.220048175644479e-07
579291399,-0.5444223880767822,-200.0,200,3.0549930424967894e-05
138963631,-0.41547611355781555,-200.0,200,1.1619563792919507e-07
1806680894,-0.5164670944213867,-200.0,200,6.894635134813143e-08
880192855,-0.4349747896194458,-200.0,200,2.4350028525077507e-07
1588128441,-0.47571417689323425,-200.0,200,4.333377546572592e-08
462798161,-0.4519609212875366,-200.0,200,1.0534103703321307e-05
58110646,-0.5162906050682068,-200.0,200,2.269332621835929e-05
393162904,-0.4998631775379181,-200.0,200,1.3958696627014433e-05
1186153839,-0.49692267179489136,-200.0,200,1.0387338988948613e-08
403642443,-0.5885682702064514,-200.0,200,9.267673704016489e-09
1328426093,-0.5291017889976501,-200.0,200,1.2774007700500079e-08
2022758126,-0.4446624219417572,-200.0,200,1.1386071219021687e-06
251272463,-0.4671882390975952,-200.0,200,2.2711942065143376e-05
1142866151,-0.4116973876953125,-200.0,200,1.6636150871818244e-05
2015194475,-0.44921645522117615,-200.0,200,9.922346180246678e-09
1461247254,-0.5600684881210327,-200.0,200,1.4212914720701519e-08
176384359,-0.44786378741264343,-200.0,200,6.234744887478882e-08
1068257796,-0.43416979908943176,-200.0,200,2.579134388724924e-07
638664618,-0.4270094037055969,-200.0,200,1.8335120207666476e-05
1654775623,-0.4545707702636719,-200.0,200,2.680013949429849e-08
1924923356,-0.48119452595710754,-200.0,200,8.096000783552881e-08
1715786898,-0.4287756681442261,-200.0,200,1.884874472125375e-05
1509979818,-0.5155696868896484,-200.0,200,1.300883923249785e-08
1119687049,-0.46478596329689026,-200.0,200,8.777578659646679e-07
1863925302,-0.4485199451446533,-200.0,200,7.857370187593915e-06
324791950,-0.40989625453948975,-200.0,200,9.535686785966391e-08
997019712,-0.4227496087551117,-200.0,200,3.54913070486873e-05
119706774,-0.5392890572547913,-200.0,200,2.162197265533905e-06
1720333594,-0.44210660457611084,-200.0,200,9.592959031579084e-09
1962728209,-0.5463896989822388,-200.0,200,2.1435207600006832e-08
738003597,-0.5117955803871155,-200.0,200,5.674777639796957e-08
365397845,-0.4159245193004608,-200.0,200,9.058801024366403e-06
948110105,-0.5859144330024719,-200.0,200,4.207367351227731e-06
745470743,-0.5284774303436279,-200.0,200,2.4666238232384787e-06
690247382,-0.4613572359085083,-200.0,200,2.600451742637233e-05
1964161650,-0.5304598212242126,-200.0,200,2.73309342446737e-08
1488736618,-0.584270179271698,-200.0,200,1.2918567335873376e-08
1795402960,-0.5555633306503296,-200.0,200,1.8942868382509914e-06
527419704,-0.49461784958839417,-200.0,200,1.4953276449887198e-05
745675754,-0.4138346016407013,-200.0,200,2.010793650697451e-08
1630510830,-0.44775211811065674,-200.0,200,8.787451843090821e-06
1310253044,-0.4041285216808319,-200.0,200,6.299653750829748e-07
1990267217,-0.578921377658844,-200.0,200,1.4643790709669702e-05
1428008295,-0.5454251170158386,-200.0,200,1.4552914281011909e-05
1285815472,-0.5949474573135376,-200.0,200,2.8056033443135676e-08
1006175872,-0.4281012713909149,-200.0,200,1.6159751794475596e-08
1057089811,-0.49033933877944946,-200.0,200,3.679061592265498e-08
178235596,-0.5026882290840149,-200.0,200,4.28394443133584e-06
152308232,-0.5881508588790894,-200.0,200,2.2214115419956214e-05
80850798,-0.4932697117328644,-200.0,200,4.0621107473270965e-08
871325135,-0.5343295335769653,-200.0,200,3.1985778150556144e-08
608985870,-0.46798792481422424,-200.0,200,1.2533572671600269e-05
1135538904,-0.45786890387535095,-200.0,200,2.4562573480579887e-06
879987613,-0.5489906072616577,-200.0,200,1.2067263924109284e-07
2075433353,-0.5440128445625305,-200.0,200,1.8373907355453412e-05
1032857842,-0.5436088442802429,-200.0,200,2.21158252315945e-07
905530219,-0.55702805519104,-200.0,200,3.26591311932134e-07
1091464739,-0.5847477912902832,-200.0,200,9.03223752629856e-06
647663995,-0.4556376338005066,-200.0,200,1.6312136585838744e-06
1190041087,-0.5469034910202026,-200.0,200,9.46753161315428e-06
1391579458,-0.4579596221446991,-200.0,200,8.056397441578155e-06
1865953966,-0.44094881415367126,-200.0,200,3.8529132325493263e-07
1175624527,-0.4182378351688385,-200.0,200,1.7840338578025695e-05
1869490774,-0.48810142278671265,-200.0,200,4.40457961303764e-08
2129008896,-0.45669764280319214,-200.0,200,9.56951835178188e-07
1942040104,-0.5312888026237488,-200.0,200,2.7494714777276384e-06
1889301238,-0.5245406627655029,-200.0,200,4.650050518648641e-06
818491715,-0.5365250706672668,-200.0,200,4.600955626301584e-06
1214629547,-0.42890211939811707,-200.0,200,5.155799190106336e-06
18619665,-0.5671597123146057,-200.0,200,1.3010310472054698e-05
103833471,-0.46261951327323914,-200.0,200,1.1292630051684682e-06
238532687,-0.43938255310058594,-200.0,200,8.990697870103758e-06
1755707413,-0.597145676612854,-200.0,200,6.517741121569997e-07
1142904260,-0.502804160118103,-200.0,200,3.337956829909672e-05
1329448170,-0.45588698983192444,-200.0,200,5.938487220191746e-07
1590472530,-0.4294266104698181,-200.0,200,5.473998498928268e-09
1826377208,-0.4530654847621918,-200.0,200,1.1706956684065518e-07
1117021220,-0.5770927667617798,-200.0,200,1.306093963648891e-07
1529229345,-0.5823533535003662,-200.0,200,2.3753677110107673e-05
804526132,-0.592783510684967,-200.0,200,2.600579000500147e-07
420498410,-0.5965535044670105,-200.0,200,8.02936301624868e-08
1999799622,-0.5568550825119019,-200.0,200,4.5743260216113415e-07
1278188122,-0.556922197341919,-200.0,200,9.921310966092278e-06
301975873,-0.5012521743774414,-200.0,200,1.130519496200577e-05
1448888071,-0.4988984763622284,-200.0,200,5.768591345258755e-06
1069844670,-0.41403645277023315,-200.0,200,3.576441486075055e-08
794744135,-0.400063693523407,-200.0,200,6.637967048845894e-06
617492885,-0.5018772482872009,-200.0,200,5.78026010771282e-06
970715408,-0.5336391925811768,-200.0,200,3.8421571380240495e-05
1813009372,-0.5062718987464905,-200.0,200,1.466759795221151e-07
1769138746,-0.5379145741462708,-200.0,200,4.8816991693456654e-09
297706920,-0.4688531458377838,-200.0,200,1.8200939848611597e-08
1468701655,-0.574164867401123,-200.0,200,1.0327732070436469e-07
132832780,-0.5430752038955688,-200.0,200,4.674340948440658e-06
459269591,-0.5107206702232361,-200.0,200,3.2179250183617115e-06
1812590952,-0.5698120594024658,-200.0,200,2.5050874414773714e-05
1514918796,-0.5485765933990479,-200.0,200,6.792024578317068e-09
650531531,-0.5494003295898438,-200.0,200,1.5826144590391776e-08
1311730342,-0.536384105682373,-200.0,200,1.0650992408045567e-08
2015526852,-0.517564058303833,-200.0,200,1.6933633296503104e-05
205732631,-0.5055603384971619,-200.0,200,4.1374513330083575e-07
2118459827,-0.48642414808273315,-200.0,200,5.935805756962509e-07
817709945,-0.48493894934654236,-200.0,200,8.471004352941236e-06
966964744,-0.5396150946617126,-200.0,200,1.754828744196857e-05
2059362900,-0.416762113571167,-200.0,200,6.434558054024819e-07
1919550214,-0.5716884732246399,-200.0,200,5.25021564499184e-07
875302244,-0.5530626177787781,-200.0,200,2.334213331778301e-07
1921745047,-0.5625606179237366,-200.0,200,3.4849040594053805e-06
1522240876,-0.466046541929245,-200.0,200,3.66212088647444e-05
822651954,-0.4228726327419281,-200.0,200,3.881101747538196e-08
61498290,-0.4744381308555603,-200.0,200,1.1612005437200423e-08
1945955112,-0.5247716903686523,-200.0,200,1.0129078873433173e-08
322439851,-0.47733497619628906,-200.0,200,1.1170796333317413e-05
709623520,-0.4279390275478363,-200.0,200,8.623026724308147e-07
1185224649,-0.44138696789741516,-200.0,200,3.4799900868165423e-06
1262142798,-0.4865874946117401,-200.0,200,9.92199762549717e-06
176867308,-0.48654672503471375,-200.0,200,1.682381589034776e-05
1241685700,-0.41919565200805664,-200.0,200,1.9510084712237585e-07
798705462,-0.5791264176368713,-200.0,200,4.986495696357451e-08
2001804932,-0.43201303482055664,-200.0,200,3.123181159025989e-08
1648023794,-0.5087113976478577,-200.0,200,1.3855397824045213e-05
1233675441,-0.45301058888435364,-200.0,200,1.7347847006021766e-07
559373966,-0.46238046884536743,-200.0,200,1.1559552017388342e-05
2079543068,-0.493449866771698,-200.0,200,2.056391751011688e-05
882909226,-0.5481633543968201,-200.0,200,1.0890839803323615e-08
464283706,-0.5580556392669678,-200.0,200,1.6654708360874791e-07
700590648,-0.5484170913696289,-200.0,200,1.4796352388657396e-07
338193830,-0.5952725410461426,-200.0,200,4.906991125608329e-07
397244694,-0.44194304943084717,-200.0,200,2.9272010829117788e-05
1588880540,-0.46901243925094604,-200.0,200,7.561416123280651e-07
1120727098,-0.49569758772850037,-200.0,200,2.3020979824650566e-08
1407118916,-0.5187743306159973,-200.0,200,4.517321699495369e-06
1426632264,-0.562017023563385,-200.0,200,1.266940624191193e-05
1535648867,-0.4855772852897644,-200.0,200,2.5747440304257908e-08
468242587,-0.49929964542388916,-200.0,200,2.260618284708471e-06
1023745167,-0.49820229411125183,-200.0,200,9.685210989118786e-07
1306639959,-0.4377727210521698,-200.0,200,3.9214913458636145e-05
2146081833,-0.562083899974823,-200.0,200,3.7543704820564015e-08
1475403652,-0.4278414845466614,-200.0,200,1.2386644812067971e-08
256273973,-0.4607781171798706,-200.0,200,1.0177841431868729e-08
833570727,-0.5732244849205017,-200.0,200,4.5116112551113476e-06
1704257713,-0.5491119027137756,-200.0,200,6.354330575959466e-06
453000617,-0.4240471422672272,-200.0,200,7.52478035792592e-08
811360273,-0.5050502419471741,-200.0,200,7.464897530553571e-06
1490184349,-0.5733622908592224,-200.0,200,1.2041204104207282e-05
179104759,-0.4329351782798767,-200.0,200,1.467116408093716e-07
368976306,-0.5649253726005554,-200.0,200,2.89992563011765e-07
581730198,-0.5666370987892151,-200.0,200,6.506551494567248e-05
813914541,-0.5637704730033875,-200.0,200,1.8201640159531963e-08
1931728750,-0.5904210209846497,-200.0,200,1.1182632988493423e-08
1894618110,-0.4770132601261139,-200.0,200,5.106744538352359e-09
1567760509,-0.5038414597511292,-200.0,200,1.9871763470291626e-08
172682451,-0.5291672348976135,-200.0,200,5.640061317535583e-08
300403117,-0.46748775243759155,-200.0,200,1.1553163039934588e-06
996991368,-0.5648179054260254,-200.0,200,1.4696225698571651e-05
342570017,-0.5767803192138672,-200.0,200,1.3126391422702e-08
1236339348,-0.5019721984863281,-200.0,200,4.5544047907242206e-06
1233005086,-0.5152260661125183,-200.0,200,2.8109512768423884e-05
332432961,-0.4389781057834625,-200.0,200,4.0445916056341955e-08
958594040,-0.5390134453773499,-200.0,200,1.8438240658724682e-08
280029615,-0.518990695476532,-200.0,200,2.2831610294815618e-07
716274074,-0.5259509086608887,-200.0,200,2.894073277275311e-06
362258078,-0.5533665418624878,-200.0,200,5.7666602651806894e-06
127703872,-0.5881087779998779,-200.0,200,8.172583402483724e-06
245422031,-0.4743606150150299,-200.0,200,4.1550192236172734e-07
853426588,-0.47281232476234436,-200.0,200,2.9574183654403895e-05
1763862838,-0.4661540687084198,-200.0,200,2.074607536997064e-06
1179682352,-0.4456254541873932,-200.0,200,1.2611271813511848e-08
160127734,-0.5539706349372864,-200.0,200,1.11497124635207e-07
1959477174,-0.5092922449111938,-200.0,200,1.5223394439090043e-06
1916457021,-0.5898662805557251,-200.0,200,2.4368414560740348e-05
560522353,-0.5885229110717773,-200.0,200,2.629658865771489e-08
1684409371,-0.5372613668441772,-200.0,200,7.287450853254995e-07
1222530910,-0.5414118766784668,-200.0,200,4.146804262745718e-06
1450777486,-0.5155418515205383,-200.0,200,5.783661372333881e-06
791923674,-0.4280240833759308,-200.0,200,9.950727285286121e-06
2090877390,-0.5580185055732727,-200.0,200,1.1862553037644829e-08
2084453794,-0.5565760731697083,-200.0,200,5.287603744363878e-07
2099276595,-0.5976771712303162,-200.0,200,2.9971930098326992e-05
290743698,-0.5242584347724915,-200.0,200,8.757315299590119e-09
293652597,-0.5769679546356201,-200.0,200,1.0537662092247047e-07
272861477,-0.498212605714798,-200.0,200,7.173330232035369e-08
827646308,-0.5113956332206726,-200.0,200,2.3905745865704377e-06
1125763809,-0.4527851343154907,-200.0,200,3.0485061483886965e-05
2058769644,-0.5767786502838135,-200.0,200,2.4959502297861036e-07
401728797,-0.4113702178001404,-200.0,200,6.549274530698313e-08
1718726554,-0.5460918545722961,-200.0,200,8.011464160517789e-08
2098400604,-0.5605823993682861,-200.0,200,1.3590567505161743e-07
1202322424,-0.5452439188957214,-200.0,200,7.713676329331065e-05
938673794,-0.41454488039016724,-200.0,200,1.5253717720042914e-08
848342186,-0.4449079930782318,-200.0,200,7.106032171577681e-09
111620360,-0.4126041531562805,-200.0,200,5.568635970121249e-09
62335816,-0.4225846230983734,-200.0,200,7.52066625864245e-09
1558511538,-0.5809037089347839,-200.0,200,1.8347459445067215e-08
2116390353,-0.5891038179397583,-200.0,200,9.632021829020232e-09
1202108264,-0.4440827965736389,-200.0,200,1.2333142908573791e-05
2010227372,-0.5645416975021362,-200.0,200,4.100116329937009e-06
689570136,-0.40297913551330566,-200.0,200,2.399799086560961e-07
1601332893,-0.5665585994720459,-200.0,200,3.0209826945792883e-07
2091635326,-0.5787503123283386,-200.0,200,3.666102745228272e-05
1544755070,-0.5978454351425171,-200.0,200,1.706129296508152e-08
61205549,-0.5884361267089844,-200.0,200,9.973391570383683e-09
1647086706,-0.5790373086929321,-200.0,200,1.480401806475129e-08
1320242803,-0.43816399574279785,-200.0,200,2.8027047437717557e-06
466308317,-0.40597081184387207,-200.0,200,8.517960623066756e-06
1184119952,-0.5120050311088562,-200.0,200,1.0266838144161738e-05
438351376,-0.5632777214050293,-200.0,200,4.0412897487840385e-06
1524297218,-0.5402814149856567,-200.0,200,1.7669185581326018e-08
239605392,-0.5762962698936462,-200.0,200,1.1522596601025726e-05
2061033748,-0.42120465636253357,-200.0,200,2.5243349873562693e-05
1911530641,-0.5745152235031128,-200.0,200,6.295572347880807e-09
1504641744,-0.5494416952133179,-200.0,200,8.67027210915694e-09
1033972639,-0.513012170791626,-200.0,200,3.1086042326933235e-08
2091227611,-0.45893681049346924,-200.0,200,2.7717381726688474e-07
1965657069,-0.4727112650871277,-200.0,200,4.153659133407927e-06
523274166,-0.5848543047904968,-200.0,200,1.1763822367356625e-05
1343428805,-0.4163953363895416,-200.0,200,2.4512335903636994e-06
1825766540,-0.4859391152858734,-200.0,200,7.824717981748108e-06
272620892,-0.45042091608047485,-200.0,200,4.430328090165858e-07
872718814,-0.5440889596939087,-200.0,200,3.4416295925439044e-05
1939936474,-0.5265448689460754,-200.0,200,2.9548418751801363e-07
703219106,-0.5766187906265259,-200.0,200,1.537245680083288e-08
547618008,-0.4048064649105072,-200.0,200,2.4067749109235593e-08
1350856271,-0.5126558542251587,-200.0,200,3.7512893868552056e-07
2007887395,-0.5060436129570007,-200.0,200,2.19553177294074e-05
1161821037,-0.42422524094581604,-200.0,200,8.900045304471859e-07
393028589,-0.5091753602027893,-200.0,200,1.2575128494063392e-08
503958266,-0.5179474949836731,-200.0,200,2.3878708361735334e-07
480813035,-0.5160556435585022,-200.0,200,8.654840698909538e-06
1693537425,-0.4733981490135193,-200.0,200,4.041800157210673e-06
1507445334,-0.5338543653488159,-200.0,200,1.3930972272646614e-06
92822094,-0.48674118518829346,-200.0,200,3.859849972286611e-05
1343080891,-0.46416419744491577,-200.0,200,9.638933988753707e-09
382650865,-0.4754866063594818,-200.0,200,1.1363786143192556e-08
530558328,-0.47070765495300293,-200.0,200,3.6214905776432715e-08
221861429,-0.40717455744743347,-200.0,200,3.174276116624242e-08
347482592,-0.5931357145309448,-200.0,200,1.636601185964537e-05
156463202,-0.4810970425605774,-200.0,200,2.287593715664116e-06
1774962831,-0.4381624758243561,-200.0,200,3.360989012435311e-08
1043860410,-0.47267043590545654,-200.0,200,1.4478680286629242e-05
2132118060,-0.5976459980010986,-200.0,200,6.005685495438229e-06
326166775,-0.4106322228908539,-200.0,200,5.072828662378015e-07
2109142998,-0.5390737652778625,-200.0,200,6.520787515000848e-06
839081911,-0.4705042243003845,-200.0,200,4.6637404011562466e-07
913166429,-0.5531521439552307,-200.0,200,8.914435557016987e-07
1895387706,-0.5182623267173767,-200.0,200,5.674507527146488e-05
776225196,-0.5675628781318665,-200.0,200,7.520732333432534e-07
552647806,-0.525934636592865,-200.0,200,5.011602297599893e-09
2090864885,-0.46199679374694824,-200.0,200,9.44718522077892e-09
800204294,-0.446367084980011,-200.0,200,1.653071194596123e-08
182493854,-0.5668742656707764,-200.0,200,6.3049265008885415e-09
855123779,-0.4768795371055603,-200.0,200,5.1723507431233885e-06
540046928,-0.5544649362564087,-200.0,200,1.2311215546105813e-05
1698780097,-0.526695191860199,-200.0,200,3.0807891562290026e-08
148602329,-0.5139792561531067,-200.0,200,5.213268195802812e-07
2011212402,-0.5662825703620911,-200.0,200,1.8682624022403617e-05
344890644,-0.4580841064453125,-200.0,200,2.6578673896437975e-07
2140840617,-0.40218666195869446,-200.0,200,8.379338396480307e-08
161671250,-0.4248557984828949,-200.0,200,1.4821537615716806e-06
1097324288,-0.42359209060668945,-200.0,200,4.618967600436008e-06
916125787,-0.4096103608608246,-200.0,200,1.80527984548462e-05
1138048552,-0.43605324625968933,-200.0,200,6.362636213452788e-08
1582473323,-0.5659785866737366,-200.0,200,3.906809683940082e-06
1150418231,-0.5247982740402222,-200.0,200,6.747857905793353e-06
1904387765,-0.5022544264793396,-200.0,200,7.585022058265167e-07
737944270,-0.4349904954433441,-200.0,200,5.24070349001704e-06
1494229268,-0.4377310872077942,-200.0,200,2.5101292276303866e-05
2129493336,-0.4695935845375061,-200.0,200,1.2713599880953553e-06
322929324,-0.5377082824707031,-200.0,200,3.538069449859904e-08
1293258878,-0.4832145571708679,-200.0,200,1.2425169188645668e-07
1702563966,-0.5143101215362549,-200.0,200,4.602198064276308e-06
538161451,-0.4621778428554535,-200.0,200,5.372393625293625e-06
1339569726,-0.47179561853408813,-200.0,200,7.128208189897123e-06
944075725,-0.5756089687347412,-200.0,200,6.492223187706258e-06
1591633249,-0.4834786355495453,-200.0,200,7.643721346539678e-08
1162584857,-0.4737547039985657,-200.0,200,2.321725829915522e-05
1740596986,-0.5588632822036743,-200.0,200,1.5222952106341835e-06
877660690,-0.5840011835098267,-200.0,200,7.396793080260977e-09
963640950,-0.4400555491447449,-200.0,200,6.600121423616656e-07
1594982553,-0.5878546237945557,-200.0,200,9.562868253851775e-06
1940917547,-0.4167415201663971,-200.0,200,8.552915005566319e-08
543568799,-0.49412545561790466,-200.0,200,2.3664590171392773e-05
1335560080,-0.5147185921669006,-200.0,200,9.964057016986772e-07
156956391,-0.5488597750663757,-200.0,200,1.2044870345562231e-08
1695890000,-0.418199360370636,-200.0,200,3.3718119357217803e-06
1550062513,-0.5880229473114014,-200.0,200,2.009705551699881e-05
960683027,-0.5550397634506226,-200.0,200,2.888407834689133e-08
4018799,-0.4046901762485504,-200.0,200,9.393656910106074e-09
1048805513,-0.5024280548095703,-200.0,200,2.2851171647744194e-05
888419099,-0.4662291407585144,-200.0,200,1.43849879350455e-06
1967851446,-0.5730164647102356,-200.0,200,3.9844858292781284e-08
1782073983,-0.4272822141647339,-200.0,200,4.1326466998725664e-07
227413570,-0.5604662895202637,-200.0,200,2.851799779364228e-05
2113908727,-0.495319128036499,-200.0,200,1.7081839359889272e-07
152196094,-0.4090576171875,-200.0,200,8.712063390703406e-09
1900054281,-0.40437525510787964,-200.0,200,2.3289600449061253e-07
1529310944,-0.5543582439422607,-200.0,200,3.34566728270147e-06
1476407903,-0.5609737634658813,-200.0,200,3.668364924578782e-05
733238484,-0.5144343376159668,-200.0,200,1.598321796336677e-07
1714686326,-0.4321577250957489,-200.0,200,8.310057637572753e-09
541234561,-0.42757487297058105,-200.0,200,4.989949957234785e-08
1141206831,-0.4896851181983948,-200.0,200,3.706861302816833e-06
196176024,-0.599786639213562,-200.0,200,1.245332894995954e-05
989690429,-0.580331027507782,-200.0,200,6.148378788566333e-06
409461537,-0.5504189133644104,-200.0,200,5.869298711331794e-06
69671560,-0.4616081416606903,-200.0,200,4.3164204726053866e-08
1748304900,-0.41957148909568787,-200.0,200,1.104980665331823e-06
16621166,-0.4381238520145416,-200.0,200,1.382895848564658e-05
1803129493,-0.4668011963367462,-200.0,200,7.259498579514912e-07
953333270,-0.40165549516677856,-200.0,200,3.1656648116040742e-06
653946060,-0.5256068110466003,-200.0,200,6.085102086217375e-08
472389217,-0.4265325665473938,-200.0,200,1.7888650236272953e-05
435486025,-0.48163315653800964,-200.0,200,1.3645082617586012e-07
1371043401,-0.4217095673084259,-200.0,200,1.908757078126655e-05
511989065,-0.491784006357193,-200.0,200,1.7321820905635832e-07
2073130911,-0.4402313232421875,-200.0,200,1.0689100236049854e-08
72876538,-0.42327064275741577,-200.0,200,5.222297932050424e-07
1611434657,-0.5968639850616455,-200.0,200,2.342937236335274e-05
158355356,-0.4439021348953247,-200.0,200,1.1406341400288512e-08
1983349997,-0.43486425280570984,-200.0,200,1.4566762729373296e-08
592002233,-0.4974328577518463,-200.0,200,1.9144818907079753e-07
1589510655,-0.4715980589389801,-200.0,200,2.2761412101317546e-05
697404612,-0.42208221554756165,-200.0,200,2.2295471353572794e-08
647247703,-0.5729146599769592,-200.0,200,5.323325240169652e-08
294060809,-0.5532661080360413,-200.0,200,1.6735622239139047e-06
1148296321,-0.5797438025474548,-200.0,200,6.625495193475217e-06
1761614284,-0.5973703265190125,-200.0,200,1.0590833903734165e-05
1483630685,-0.4252275228500366,-200.0,200,1.8163121694669827e-07
497324275,-0.4876353144645691,-200.0,200,2.7759759377659065e-05
297986255,-0.424140065908432,-200.0,200,3.401644789846614e-08
1428075981,-0.45313259959220886,-200.0,200,3.059098162339069e-08
2032531569,-0.5282657742500305,-200.0,200,2.524620640542707e-07
1295331236,-0.5480564832687378,-200.0,200,3.5460769645396794e-05
43646104,-0.48184946179389954,-200.0,200,5.658095365106419e-06
1487790772,-0.566518247127533,-200.0,200,5.6568251238786614e-09
972599614,-0.5814870595932007,-200.0,200,1.6355602383555378e-08
1963549811,-0.44815793633461,-200.0,200,9.433906598133035e-09
1483014188,-0.5663937926292419,-200.0,200,5.460158399728243e-07
1925586601,-0.5655081272125244,-200.0,200,2.3485727056140603e-05
16711513,-0.4397243559360504,-200.0,200,7.031194627415971e-07
1946268433,-0.5964987277984619,-200.0,200,7.249964255606755e-08
1845588043,-0.5595868229866028,-200.0,200,1.0676571491785581e-07
1780017038,-0.4886971712112427,-200.0,200,1.222931718075415e-05
645240596,-0.48542776703834534,-200.0,200,1.0716506321841735e-05
1336068319,-0.4299735724925995,-200.0,200,1.2242321645317134e-08
350456994,-0.40117567777633667,-200.0,200,1.5756184302517794e-06
1595102405,-0.5196533799171448,-200.0,200,1.20687833714328e-06
619636199,-0.4415593445301056,-200.0,200,1.3166128942430078e-05
1454301535,-0.5805988907814026,-200.0,200,5.311290624376852e-07
1085203209,-0.41212818026542664,-200.0,200,2.8206103706907014e-06
1354207902,-0.40079477429389954,-200.0,200,2.2651777267128638e-05
342269993,-0.5218199491500854,-200.0,200,1.3610572159450386e-06
1263712089,-0.42377233505249023,-200.0,200,6.069259598007193e-08
1971261586,-0.4432523250579834,-200.0,200,9.913636777127977e-06
1417574468,-0.5405880808830261,-200.0,200,9.973144778996357e-07
1392485320,-0.47901538014411926,-200.0,200,1.5098629774001893e-07
1690957986,-0.5435063242912292,-200.0,200,1.0050668379335548e-05
677976285,-0.42708128690719604,-200.0,200,2.350086351725622e-06
1042830119,-0.5161677598953247,-200.0,200,1.7421668321730976e-05
85725054,-0.5313786864280701,-200.0,200,7.907508661446628e-06
586713330,-0.5512367486953735,-200.0,200,1.2489528216974577e-07
1171224342,-0.43780750036239624,-200.0,200,1.8812352209351958e-08
1963377823,-0.5095188021659851,-200.0,200,8.401708314522693e-06
1545665446,-0.48085373640060425,-200.0,200,1.0493442459846846e-07
206009445,-0.4716570973396301,-200.0,200,1.1350840909472026e-05
518298586,-0.4558212459087372,-200.0,200,2.744266766967485e-06
1107740768,-0.5090572834014893,-200.0,200,9.050649578057345e-07
598319698,-0.5722374320030212,-200.0,200,1.2368746424726851e-05
496792284,-0.5699796676635742,-200.0,200,6.212831976881716e-08
21824146,-0.5890983939170837,-200.0,200,2.722732920119597e-06
1769739639,-0.5355539917945862,-200.0,200,1.4591761541851155e-05
917796259,-0.4908345937728882,-200.0,200,3.394112491150736e-06
955387184,-0.46811017394065857,-200.0,200,1.5914046703073836e-05
1920669015,-0.5409463047981262,-200.0,200,1.5064438230183443e-08
1987238788,-0.4880829155445099,-200.0,200,1.3605449566966854e-08
196663532,-0.5153506994247437,-200.0,200,4.684615901169309e-06
1815546764,-0.4934934079647064,-200.0,200,1.9279713765172346e-05
167410818,-0.4358275532722473,-200.0,200,1.0376028058090014e-07
199282709,-0.5489845275878906,-200.0,200,9.502061402599793e-08
1036556939,-0.5427770614624023,-200.0,200,2.6972638806910253e-07
60012316,-0.4882996082305908,-200.0,200,2.9883135225645675e-05
426831861,-0.5117747783660889,-200.0,200,2.905049313994823e-08
1416679702,-0.44226762652397156,-200.0,200,5.250026333669666e-09
720952706,-0.42607226967811584,-200.0,200,1.6231047538894928e-07
1308070704,-0.5369303822517395,-200.0,200,3.0383434591385594e-05
1967184776,-0.5898082852363586,-200.0,200,3.460924176579283e-06
654482111,-0.4527161419391632,-200.0,200,6.042246241122485e-09
387616040,-0.5698975920677185,-200.0,200,1.056855580827687e-08
1648594367,-0.4021449387073517,-200.0,200,7.329863365157507e-08
2106244024,-0.5800896286964417,-200.0,200,1.1305335233373626e-05
571084440,-0.45769718289375305,-200.0,200,2.280133949170704e-06
518177563,-0.4697006046772003,-200.0,200,1.7406457654942642e-05
990786479,-0.4692850112915039,-200.0,200,5.745709131588228e-08
642735377,-0.40026816725730896,-200.0,200,2.3438974494638386e-08
1332403142,-0.4365391135215759,-200.0,200,2.6428493160892686e-05
1174859052,-0.44289425015449524,-200.0,200,1.9712547327799256e-08
1612128617,-0.5661287307739258,-200.0,200,1.8753898984869012e-08
536340698,-0.4162408709526062,-200.0,200,1.460260318708606e-07
840686383,-0.5602133274078369,-200.0,200,1.8142372696274833e-05
68017397,-0.5727837085723877,-200.0,200,3.914505668944912e-08
1302848549,-0.43123599886894226,-200.0,200,2.570394599388237e-07
1229156432,-0.4815674126148224,-200.0,200,4.417581458255881e-06
1492386491,-0.5767917037010193,-200.0,200,3.5691346320163574e-05
1437018368,-0.5083903074264526,-200.0,200,1.0729854693636299e-08
2073435949,-0.49272769689559937,-200.0,200,1.4686497706861701e-08
1775748870,-0.49663981795310974,-200.0,200,1.5646701285731978e-08
1437272655,-0.457035094499588,-200.0,200,9.627067811379675e-07
1336589616,-0.5732885003089905,-200.0,200,1.0703257016757561e-05
210616439,-0.4445649981498718,-200.0,200,1.328569078395958e-07
551559592,-0.554413378238678,-200.0,200,8.015585522116452e-06
2012408580,-0.5920279026031494,-200.0,200,4.500802912843937e-05
1965197211,-0.5009348392486572,-200.0,200,9.524592314846813e-09
1520565763,-0.538497269153595,-200.0,200,8.653692020743619e-09
1684152593,-0.41949012875556946,-200.0,200,8.195279406209011e-09
202972789,-0.4349154829978943,-200.0,200,2.211570290455711e-07
466547455,-0.45254841446876526,-200.0,200,2.8425881646398923e-06
1059801315,-0.518509030342102,-200.0,200,9.048533397617576e-06
1840086582,-0.4893692135810852,-200.0,200,4.257320405486098e-05
641215584,-0.44539692997932434,-200.0,200,1.7017455593304476e-06
156144985,-0.4933982193470001,-200.0,200,7.264102350745816e-09
649386411,-0.47356465458869934,-200.0,200,8.516153684468009e-09
1725347119,-0.407694548368454,-200.0,200,5.8096534303331284e-08
575718386,-0.5056360363960266,-200.0,200,9.791779893930652e-07
562580953,-0.5911562442779541,-200.0,200,2.5960829220821323e-05
728975577,-0.4553345739841461,-200.0,200,3.631714134826325e-06
1370353602,-0.4077173173427582,-200.0,200,1.4110059964878018e-08
1761669846,-0.4795090854167938,-200.0,200,6.470900189015083e-09
1723164467,-0.5046753287315369,-200.0,200,1.964874354598578e-07
729335004,-0.5040480494499207,-200.0,200,1.4348184568007127e-05
1973506206,-0.5811828970909119,-200.0,200,4.5756028157484255e-08
1271534380,-0.5236828327178955,-200.0,200,1.7853514655143955e-05
652694541,-0.4147769808769226,-200.0,200,3.6958728787794826e-06
790711142,-0.5582430958747864,-200.0,200,3.225799446227029e-08
2118981633,-0.47539591789245605,-200.0,200,2.141694562851626e-06
1804545233,-0.42924919724464417,-200.0,200,1.3700640138267773e-05
2008633991,-0.4725998640060425,-200.0,200,2.7091379524790683e-06
552585346,-0.45616766810417175,-200.0,200,4.76387776870979e-08
1056001739,-0.466417521238327,-200.0,200,2.5954130373975205e-05
557565574,-0.5880071520805359,-200.0,200,7.494352303183404e-08
1654804971,-0.4163345992565155,-200.0,200,2.632186351547716e-08
291443240,-0.5194705724716187,-200.0,200,4.61653144157026e-08
2118063095,-0.5210835337638855,-200.0,200,7.744375902802858e-06
1119514632,-0.5620670318603516,-200.0,200,1.3398887504081358e-05
1241019252,-0.5673052072525024,-200.0,200,2.1158208255656063e-07
1096838896,-0.4784989655017853,-200.0,200,2.223420324298786e-08
817430305,-0.5279243588447571,-200.0,200,8.536599843864678e-06
1003529304,-0.5088271498680115,-200.0,200,6.960231899029168e-06
742008802,-0.586538553237915,-200.0,200,2.4663301246619084e-07
1608607447,-0.49896225333213806,-200.0,200,1.202544964144181e-05
976109649,-0.44487902522087097,-200.0,200,3.6706541459352593e-06
209409695,-0.4308100938796997,-200.0,200,2.567144897511753e-06
1428294763,-0.42011913657188416,-200.0,200,5.913743975725083e-06
1602536906,-0.5735079050064087,-200.0,200,1.7610383511055262e-05
51193031,-0.5002493858337402,-200.0,200,4.5600738758366787e-07
1066336481,-0.41725030541419983,-200.0,200,2.6738730412034784e-06
1438807117,-0.5806649327278137,-200.0,200,1.046138640958816e-06
990676059,-0.4272296130657196,-200.0,200,3.385550162420259e-06
2121652018,-0.5486657619476318,-200.0,200,2.056968306987983e-05
829363176,-0.4957623779773712,-200.0,200,4.8793834048410645e-06
159683402,-0.45386072993278503,-200.0,200,1.8556799659563695e-07
1463420383,-0.5296618342399597,-200.0,200,4.24183234508746e-05
1166906836,-0.5441111326217651,-200.0,200,1.0644967869666288e-06
810002730,-0.4523770213127136,-200.0,200,8.174747563316486e-09
880470445,-0.519832968711853,-200.0,200,8.985953172668815e-09
1026739646,-0.561654806137085,-200.0,200,1.7875354387797415e-08
691574840,-0.41914254426956177,-200.0,200,8.441029422101565e-09
125798947,-0.4288918077945709,-200.0,200,2.955525776997092e-05
736523871,-0.40517011284828186,-200.0,200,2.316893269380671e-06
1097904166,-0.5469343066215515,-200.0,200,1.4201045814843383e-08
536091398,-0.4733290672302246,-200.0,200,6.739518539689015e-08
1028489259,-0.4619831144809723,-200.0,200,1.549716507724952e-06
760865707,-0.5611088871955872,-200.0,200,1.0139845603589492e-05
1814893866,-0.5339776873588562,-200.0,200,1.4795179276916315e-06
843031686,-0.42769408226013184,-200.0,200,8.670025172250462e-06
1072620243,-0.533001184463501,-200.0,200,1.6728235823393334e-05
1831499253,-0.432324081659317,-200.0,200,1.2322928296271129e-06
621020002,-0.4736804962158203,-200.0,200,1.644163603486959e-08
1681033872,-0.5325388312339783,-200.0,200,6.48801187708159e-08
1383790631,-0.5343484878540039,-200.0,200,2.0770842802448896e-05
1385844325,-0.5725297927856445,-200.0,200,1.853029516496463e-08
2007758632,-0.575316309928894,-200.0,200,2.8880931495223193e-08
1615655157,-0.4292718172073364,-200.0,200,2.8063151830792776e-05
1764828786,-0.4620516002178192,-200.0,200,2.050339526249445e-07
1085422186,-0.4927824139595032,-200.0,200,1.267506831936771e-08
1926664089,-0.48600563406944275,-200.0,200,4.57742635262548e-08
811573740,-0.4067159593105316,-200.0,200,3.643718810053542e-07
456334988,-0.4719880521297455,-200.0,200,4.538716689694411e-05
1383206967,-0.46101832389831543,-200.0,200,1.3074115940980845e-07
1523864897,-0.40830501914024353,-200.0,200,5.7944862419390116e-09
583456633,-0.5508840084075928,-200.0,200,7.605667633470148e-08
1830423289,-0.4221726357936859,-200.0,200,3.424507849558722e-07
967787247,-0.5636996030807495,-200.0,200,1.7204411137754504e-05
1491386513,-0.5516853332519531,-200.0,200,9.14765550987795e-07
786414019,-0.5228784680366516,-200.0,200,2.451171440043254e-08
1621420613,-0.47071129083633423,-200.0,200,1.029812801789376e-07
171980388,-0.41812682151794434,-200.0,200,2.836096770806762e-05
1961831113,-0.5860769152641296,-200.0,200,2.4505278361175443e-07
1295918538,-0.49442818760871887,-200.0,200,1.0012922757596244e-08
412442406,-0.5547069311141968,-200.0,200,3.311408308945829e-06
2130292822,-0.5546663403511047,-200.0,200,5.36714527697768e-06
1219735761,-0.5742529630661011,-200.0,200,2.9909585009590955e-07
1470673006,-0.5439116358757019,-200.0,200,9.609957160137129e-06
309942297,-0.41954442858695984,-200.0,200,1.578247096404084e-05
960046753,-0.5172363519668579,-200.0,200,1.404867089149775e-07
45571105,-0.5355132222175598,-200.0,200,5.3742314776172864e-08
144746282,-0.589533269405365,-200.0,200,5.064573088020552e-08
516404117,-0.41808292269706726,-200.0,200,3.0016246905688605e-05
563733096,-0.4155379831790924,-200.0,200,9.907005642162403e-07
569163950,-0.4766556918621063,-200.0,200,2.8001231839880348e-08
1084415354,-0.4784424304962158,-200.0,200,1.5450918454007477e-07
517780093,-0.43501147627830505,-200.0,200,7.25814611541864e-07
285070910,-0.47389957308769226,-200.0,200,2.961916694403044e-05
489412507,-0.49955275654792786,-200.0,200,3.287751951575046e-08
1229346351,-0.5381048321723938,-200.0,200,6.411123649741057e-09
81128504,-0.4848194420337677,-200.0,200,3.6430119052965894e-07
1745188106,-0.44933491945266724,-200.0,200,3.953527921112254e-06
2030043616,-0.5914508104324341,-200.0,200,6.396859775577468e-05
1219205102,-0.4921056926250458,-200.0,200,1.3103458513796796e-08
1190887568,-0.4951781630516052,-200.0,200,1.0287844816048164e-08
140214462,-0.46523189544677734,-200.0,200,5.69147687201621e-09
650717424,-0.5044935345649719,-200.0,200,2.1935525182925632e-08
765963725,-0.4910081624984741,-200.0,200,1.5703226381447167e-08
1753012302,-0.4896937608718872,-200.0,200,2.647808814799646e-06
22722563,-0.5981689691543579,-200.0,200,8.238387977144157e-06
244477232,-0.5901293754577637,-200.0,200,8.855976648192155e-07
1826564971,-0.5633057951927185,-200.0,200,7.599989235131943e-06
37581953,-0.5842187404632568,-200.0,200,2.1326620812942566e-05
1225872330,-0.4117411971092224,-200.0,200,3.1489961747865892e-06
204602116,-0.567204475402832,-200.0,200,1.1134075066365767e-08
1182052641,-0.4545480012893677,-200.0,200,5.711333415092668e-08
1105239613,-0.4670373797416687,-200.0,200,3.312630587970489e-07
277524891,-0.42507755756378174,-200.0,200,5.171773361780652e-05
335687151,-0.574537992477417,-200.0,200,4.547870003079879e-07
2060327140,-0.4992245137691498,-200.0,200,1.0770427252282388e-08
1180373361,-0.4047756493091583,-200.0,200,2.6343918761995155e-08
1854854523,-0.560666561126709,-200.0,200,1.1326683306833729e-08
300972052,-0.5094472765922546,-200.0,200,8.222632732213242e-07
2100195778,-0.4477801024913788,-200.0,200,5.2646400381490823e-05
1425578718,-0.48114314675331116,-200.0,200,7.532439840360894e-06
1634573464,-0.47091400623321533,-200.0,200,5.825631888001226e-09
1860595903,-0.4868013560771942,-200.0,200,7.71376562624937e-09
379384798,-0.44583138823509216,-200.0,200,9.649352250562516e-09
1178315687,-0.5978114604949951,-200.0,200,8.509878171025775e-09
1337872274,-0.49640029668807983,-200.0,200,1.7733948425302516e-07
1622709,-0.5974698066711426,-200.0,200,1.8158003672397172e-05
858871253,-0.5582429766654968,-200.0,200,1.3524284572667966e-05
2114609281,-0.4773629307746887,-200.0,200,4.040012299810769e-08
1299418005,-0.5066343545913696,-200.0,200,8.637289283797144e-09
1865146911,-0.45191076397895813,-200.0,200,8.708461791684386e-09
2061260037,-0.577512800693512,-200.0,200,7.978441635714262e-07
541169904,-0.53626549243927,-200.0,200,3.784233883379784e-05
147703641,-0.5057518482208252,-200.0,200,1.9614094526332337e-08
342397269,-0.473899781703949,-200.0,200,7.578923941764515e-09
44198042,-0.43041062355041504,-200.0,200,4.454913778317859e-08
838623096,-0.5495059490203857,-200.0,200,4.5226424845168366e-07
566087596,-0.4907832145690918,-200.0,200,3.503834650018689e-05
906808967,-0.4625284671783447,-200.0,200,8.447045729553793e-09
1009358811,-0.5775761604309082,-200.0,200,5.796805453428533e-09
247169875,-0.44722822308540344,-200.0,200,1.587495262356242e-08
1196644890,-0.5307025909423828,-200.0,200,1.5591538613080047e-07
1803286100,-0.5565786361694336,-200.0,200,1.2438236003617931e-05
1266977447,-0.5748414993286133,-200.0,200,3.233903618820477e-05
2122237971,-0.5619198679924011,-200.0,200,8.765991879045032e-09
1846305721,-0.5473279356956482,-200.0,200,8.060133040999062e-09
782895540,-0.4201870560646057,-200.0,200,6.527075129270088e-09
2084212789,-0.4649156928062439,-200.0,200,2.5594023099984043e-07
924154292,-0.4550126791000366,-200.0,200,1.1262410471317707e-05
443095490,-0.5050346255302429,-200.0,200,8.244944606303761e-06
985788429,-0.5261514186859131,-200.0,200,5.851363766851137e-08
1266569675,-0.43343228101730347,-200.0,200,8.287649234262063e-07
1280862020,-0.597904622554779,-200.0,200,5.4678226570104015e-06
527252619,-0.5244191884994507,-200.0,200,1.7186039040097968e-05
23119576,-0.5443631410598755,-200.0,200,5.022716131861671e-06
1039683453,-0.5802865624427795,-200.0,200,1.1560026905499398e-07
1103944647,-0.44255882501602173,-200.0,200,2.5379578150932503e-05
1694958407,-0.42479056119918823,-200.0,200,2.9986091703904094e-07
280147141,-0.4913191795349121,-200.0,200,1.0916901374002919e-08
538720239,-0.42188066244125366,-200.0,200,1.6470289665448946e-08
1570013372,-0.5900138020515442,-200.0,200,3.7426919789140813e-07
1761708939,-0.549950122833252,-200.0,200,3.0928264213798687e-05
1361023992,-0.5059407949447632,-200.0,200,3.013080913660815e-08
1541513621,-0.592210590839386,-200.0,200,1.4298789210442919e-08
1013517079,-0.4352351129055023,-200.0,200,9.387020327267237e-08
1105615036,-0.5929487347602844,-200.0,200,1.68141326003024e-05
1485855425,-0.5942058563232422,-200.0,200,9.586206556377874e-06
1947393796,-0.4417136609554291,-200.0,200,1.2652258192247246e-08
1447199899,-0.482841819524765,-200.0,200,1.7339848454867025e-08
1152710990,-0.5349265336990356,-200.0,200,7.401646143989638e-08
1126250760,-0.5200950503349304,-200.0,200,0.00011453345238805923
369820391,-0.5715069770812988,-200.0,200,2.1527248668462563e-05
220941058,-0.49470463395118713,-200.0,200,1.1560255188669544e-08
1111766645,-0.4758014678955078,-200.0,200,7.183543857536279e-09
1409852803,-0.5345960259437561,-200.0,200,6.413370101654436e-09
644698067,-0.5072417259216309,-200.0,200,7.79486981627997e-09
74522999,-0.4370167553424835,-200.0,200,5.66384187550284e-09
1159478690,-0.4085313677787781,-200.0,200,9.881168807623907e-09
1177544689,-0.4473499059677124,-200.0,200,1.448427155992249e-08
2010381226,-0.5473975539207458,-200.0,200,2.5023400667123497e-08
1575159212,-0.529137372970581,-200.0,200,1.3520532820621156e-06
1082024172,-0.47926998138427734,-200.0,200,3.7816281042069023e-05
551130358,-0.5688897371292114,-200.0,200,6.406929924196447e-07
1031019820,-0.40782755613327026,-200.0,200,1.427023107680725e-08
646768234,-0.5093529224395752,-200.0,200,8.146344043780118e-09
1608284355,-0.4931926727294922,-200.0,200,1.7031134575518081e-06
400584226,-0.5756534934043884,-200.0,200,2.3320402988247222e-06
1852777429,-0.4674743115901947,-200.0,200,7.000980294833426e-06
1585687423,-0.41715121269226074,-200.0,200,1.6797288535599363e-05
1185625216,-0.4745428264141083,-200.0,200,7.594678754685447e-07
1062764580,-0.43238601088523865,-200.0,200,8.67831568029942e-07
250411174,-0.477728933095932,-200.0,200,6.962678344279993e-07
1353949124,-0.5898128747940063,-200.0,200,1.8168344136029192e-05
3000954,-0.4178540110588074,-200.0,200,4.425785605235433e-06
1001779678,-0.5772460699081421,-200.0,200,2.0040342860738747e-08
381501501,-0.585310161113739,-200.0,200,2.594102625153027e-07
960775764,-0.5511431694030762,-200.0,200,2.7026046809623948e-05
1655757585,-0.4819578528404236,-200.0,200,5.337043398867536e-06
2020343456,-0.522284746170044,-200.0,200,1.7767374629329426e-08
1842582878,-0.5012719035148621,-200.0,200,1.0689400369301439e-08
1778139813,-0.4688228964805603,-200.0,200,2.2723019355908035e-07
2063317193,-0.465535044670105,-200.0,200,2.1812337490700883e-05
679391083,-0.5621155500411987,-200.0,200,6.321107321127783e-07
960078518,-0.42777737975120544,-200.0,200,2.6035741029772906e-08
1996841043,-0.5398050546646118,-200.0,200,3.827731084129482e-06
28330162,-0.479645699262619,-200.0,200,8.36558840546786e-06
1830418093,-0.5952324271202087,-200.0,200,4.7373665438499304e-07
635517848,-0.4844572842121124,-200.0,200,4.9824434927359104e-06
24168817,-0.5705617666244507,-200.0,200,1.844201897711173e-05
27562108,-0.400294691324234,-200.0,200,3.337682423989463e-06
527883639,-0.5550551414489746,-200.0,200,6.442341145884711e-08
214036586,-0.5811268091201782,-200.0,200,2.256991081594606e-05
2070334287,-0.46862733364105225,-200.0,200,2.5268135095757316e-06
1263127206,-0.5452265739440918,-200.0,200,1.8261662262375466e-08
1493753550,-0.4135012924671173,-200.0,200,2.581560238468228e-08
1045479517,-0.5856567025184631,-200.0,200,8.513025904903771e-06
1804127380,-0.5198236107826233,-200.0,200,1.133238311012974e-07
993455922,-0.40206682682037354,-200.0,200,2.8240493461453296e-05
2070862260,-0.43206706643104553,-200.0,200,1.6838107512739952e-08
1552586832,-0.42040830850601196,-200.0,200,3.44362069881754e-08
218203867,-0.5832518935203552,-200.0,200,1.5834345322218723e-06
1069461963,-0.5475238561630249,-200.0,200,8.802907827885065e-06
1980750164,-0.5131945013999939,-200.0,200,4.436116428223613e-06
311706961,-0.4417824447154999,-200.0,200,6.039096815584344e-06
545096786,-0.44968804717063904,-200.0,200,8.883309560587804e-06
1702524081,-0.4442439079284668,-200.0,200,1.1608028671616921e-06
2079453422,-0.5701744556427002,-200.0,200,4.0031457001532545e-06
376133379,-0.5671586394309998,-200.0,200,2.1896192829444773e-05
299255179,-0.45569244027137756,-200.0,200,1.7231009223905857e-08
1555845660,-0.4604724943637848,-200.0,200,3.933704192604637e-08
489261358,-0.46065282821655273,-200.0,200,7.901767321527586e-07
1325684473,-0.475710928440094,-200.0,200,1.775486433871265e-05
1629731002,-0.5966657996177673,-200.0,200,3.880109579768032e-07
1928027827,-0.5167647004127502,-200.0,200,6.699680898236693e-07
1083918106,-0.46921253204345703,-200.0,200,6.334659328786074e-06
1674051922,-0.4976727366447449,-200.0,200,1.5648062571926858e-06
132554431,-0.4063502550125122,-200.0,200,1.399701815444132e-05
1815997066,-0.5620405673980713,-200.0,200,1.7467400193709183e-05
157870620,-0.4495818614959717,-200.0,200,6.105252396082506e-08
773297069,-0.4605007767677307,-200.0,200,5.079439338260272e-06
1844220636,-0.4109858572483063,-200.0,200,1.3782563837594352e-06
840062490,-0.45729684829711914,-200.0,200,6.401341579476138e-08
439024944,-0.4611978232860565,-200.0,200,1.5237229054037015e-05
1455377654,-0.5571783781051636,-200.0,200,3.280635546616395e-06
729492076,-0.45131778717041016,-200.0,200,2.9454873265422065e-06
1743428398,-0.44416362047195435,-200.0,200,6.626352032981231e-06
1064696578,-0.47369661927223206,-200.0,200,8.298105785797816e-07
1841134761,-0.5233752727508545,-200.0,200,1.4977198220549327e-05
229616687,-0.415345698595047,-200.0,200,1.123683202877146e-05
1739385994,-0.47219279408454895,-200.0,200,1.0637319064699113e-07
1827318044,-0.40963512659072876,-200.0,200,3.305726295366185e-08
1529642963,-0.4100014269351959,-200.0,200,1.0456783520567115e-05
1550116868,-0.48829811811447144,-200.0,200,1.2504563073889585e-07
1924736835,-0.5949068069458008,-200.0,200,1.0710879878388369e-05
483526894,-0.5016381740570068,-200.0,200,2.339839606975147e-06
472359037,-0.5756385922431946,-200.0,200,3.641717557911761e-07
1988387821,-0.5347866415977478,-200.0,200,6.727299992235203e-06
871471386,-0.5500702261924744,-200.0,200,1.9772049245148084e-06
329684482,-0.5464497208595276,-200.0,200,2.0619691804313332e-05
1978358019,-0.5506700277328491,-200.0,200,1.4874110825076059e-05
2122422315,-0.4027423560619354,-200.0,200,1.0506623766559642e-08
447582314,-0.553629994392395,-200.0,200,1.7529607703181683e-07
2048033704,-0.47474730014801025,-200.0,200,1.474555256208987e-07
1465027649,-0.48221585154533386,-200.0,200,5.569505710809608e-06
1904095380,-0.45005157589912415,-200.0,200,3.709829829858791e-05
555393531,-0.41342243552207947,-200.0,200,1.0506379112484865e-07
659304059,-0.5332738757133484,-200.0,200,3.3275805435550867e-08
1135293688,-0.5556318759918213,-200.0,200,3.025598289241316e-08
631490532,-0.45585769414901733,-200.0,200,1.2479953511501663e-07
1164838055,-0.5935168862342834,-200.0,200,1.9337027151777874e-05
406422967,-0.43838322162628174,-200.0,200,9.322376495219942e-06
768347385,-0.5943295359611511,-200.0,200,1.1760484994738364e-08
1332702015,-0.5613119602203369,-200.0,200,6.42504210190964e-08
2080026273,-0.49718910455703735,-200.0,200,2.851351064236951e-07
1990669696,-0.5325585603713989,-200.0,200,2.2410648452932945e-05
1775394225,-0.42637428641319275,-200.0,200,7.052971068333136e-07
1723189967,-0.5493106842041016,-200.0,200,2.6753750717034565e-08
1260612190,-0.5077930688858032,-200.0,200,3.227485649404116e-08
848005870,-0.4687213897705078,-200.0,200,2.2830460361547013e-05
1533844352,-0.41750332713127136,-200.0,200,1.6950704321061494e-07
735946877,-0.5668277740478516,-200.0,200,6.835204658273141e-08
994960961,-0.5027318000793457,-200.0,200,4.1835368347165054e-06
1552863254,-0.5254312753677368,-200.0,200,8.234858496507513e-06
1910080191,-0.5212642550468445,-200.0,200,4.7242820073734037e-08
398176923,-0.5470216274261475,-200.0,200,1.9623198768385918e-05
1590803988,-0.4274245798587799,-200.0,200,2.6483709916647055e-07
1084784304,-0.48360103368759155,-200.0,200,6.857362677692436e-09
2067892331,-0.42716121673583984,-200.0,200,1.7858861156128115e-07
353105412,-0.5353397130966187,-200.0,200,2.1836004279975895e-05
664833671,-0.5040004849433899,-200.0,200,2.4607353589090054e-06
112651891,-0.42164289951324463,-200.0,200,8.698222700331825e-07
1374218753,-0.5100538730621338,-200.0,200,7.804625206517812e-06
1387984077,-0.5024154186248779,-200.0,200,9.612399026082131e-08
1590489051,-0.41448262333869934,-200.0,200,3.5106542372886905e-06
1593834111,-0.5985825061798096,-200.0,200,2.148970851976628e-05
314154434,-0.5287142395973206,-200.0,200,5.383766801969614e-07
1343713202,-0.45640790462493896,-200.0,200,2.2455069483839907e-08
1901273530,-0.4582354426383972,-200.0,200,1.2789643278665607e-07
1150077285,-0.4257522225379944,-200.0,200,1.760625086262735e-05
615815718,-0.49834948778152466,-200.0,200,1.2630764103960246e-07
2085298060,-0.42430350184440613,-200.0,200,4.60459372789046e-06
1063492052,-0.4422146677970886,-200.0,200,2.261620538774878e-06
1642269343,-0.5338025689125061,-200.0,200,2.506948867448955e-05
152000802,-0.5916960835456848,-200.0,200,7.855689436837566e-06
38711559,-0.5481106042861938,-200.0,200,7.915255082480145e-09
428262012,-0.47214099764823914,-200.0,200,2.0435604710655754e-08
1211582658,-0.5231853127479553,-200.0,200,7.553360501333373e-07
2137046240,-0.4678407609462738,-200.0,200,6.551699652391108e-05
2050690379,-0.5495399236679077,-200.0,200,7.63538082537707e-09
1356468995,-0.40630748867988586,-200.0,200,6.360410225170199e-09
856679123,-0.4269443452358246,-200.0,200,6.2430626712739465e-09
2034373349,-0.4886050820350647,-200.0,200,1.2843652257288341e-08
959567382,-0.5025910139083862,-200.0,200,8.851925485942047e-09
1610840542,-0.47314488887786865,-200.0,200,1.5344990060839335e-08
1677638953,-0.5702708959579468,-200.0,200,1.5721909494459396e-06
1786970498,-0.5181165933609009,-200.0,200,3.073962639973615e-05
1725753485,-0.557207465171814,-200.0,200,5.0366952564218084e-08
463607262,-0.5187652707099915,-200.0,200,8.721672202227637e-09
654474623,-0.5013195276260376,-200.0,200,1.5411533240694553e-08
1464383502,-0.5073226094245911,-200.0,200,5.4359084060706664e-08
1863574337,-0.4353213310241699,-200.0,200,2.3471499162042164e-05
577066982,-0.42354390025138855,-200.0,200,3.7324848563002887e-07
626755751,-0.44155701994895935,-200.0,200,6.65589823256596e-08
188597890,-0.5855311751365662,-200.0,200,7.962487115946715e-06
1539011956,-0.41142603754997253,-200.0,200,1.3355164833228628e-05
978812217,-0.5434324145317078,-200.0,200,2.210619641118683e-08
820790684,-0.5398598909378052,-200.0,200,4.1094976950262206e-08
1837538002,-0.5168521404266357,-200.0,200,9.63437389145838e-06
1360512565,-0.4599195718765259,-200.0,200,1.1637966804300958e-05
732041500,-0.572820246219635,-200.0,200,4.678471213992452e-08
1171328650,-0.5545476078987122,-200.0,200,3.1900919111649273e-07
1608750564,-0.5932466983795166,-200.0,200,1.6635281172057146e-05
622496824,-0.5035284161567688,-200.0,200,3.141400219192292e-05
280506168,-0.4725939929485321,-200.0,200,5.680094545823522e-09
765908021,-0.5668743252754211,-200.0,200,7.351350177486893e-09
409234039,-0.45892783999443054,-200.0,200,1.4266565813159104e-08
1124482652,-0.599115788936615,-200.0,200,3.695872692333069e-08
1929951061,-0.4903419017791748,-200.0,200,9.043104546435643e-07
352308524,-0.5340039730072021,-200.0,200,7.472058564417239e-06
940336179,-0.4912792146205902,-200.0,200,8.9588897435533e-06
87681656,-0.47644203901290894,-200.0,200,3.113371321887826e-06
383301031,-0.5085077881813049,-200.0,200,1.6693701791155036e-05
285358318,-0.5680001378059387,-200.0,200,1.3976018635730725e-08
1593865276,-0.5645795464515686,-200.0,200,7.037128398224013e-08
28604961,-0.48149365186691284,-200.0,200,1.1858882653541513e-05
499206986,-0.5613433122634888,-200.0,200,6.875421422591898e-07
86823116,-0.4231092929840088,-200.0,200,1.0161870527554129e-05
91992134,-0.5197455286979675,-200.0,200,2.241866968688555e-07
2077567639,-0.5231401920318604,-200.0,200,1.2100469575671014e-07
1150254629,-0.4414651393890381,-200.0,200,3.343842492085969e-05
1238783986,-0.40601223707199097,-200.0,200,9.951927495421842e-09
218486688,-0.5290361642837524,-200.0,200,1.0700950952013954e-08
1144012813,-0.4019365906715393,-200.0,200,1.8667660697246903e-08
2143823657,-0.45337897539138794,-200.0,200,2.422465817289776e-05
1718819328,-0.5826342701911926,-200.0,200,1.4285011684478376e-05
2038295287,-0.476180762052536,-200.0,200,7.368676051555667e-09
91711234,-0.48073095083236694,-200.0,200,9.171239980787505e-09
386769691,-0.5756925344467163,-200.0,200,2.461661551933503e-08
1962537710,-0.49316275119781494,-200.0,200,1.7172042921629325e-05
723640750,-0.45289483666419983,-200.0,200,3.5017782920476745e-07
1108712771,-0.42621898651123047,-200.0,200,2.6384682314528617e-08
983436675,-0.4550871253013611,-200.0,200,2.877960146179248e-06
5664390,-0.4181048274040222,-200.0,200,1.0377081412116241e-05
1216144000,-0.463070809841156,-200.0,200,2.563018233558978e-07
47555894,-0.576960563659668,-200.0,200,6.181861576806113e-06
92034209,-0.5087763667106628,-200.0,200,5.983133864901902e-06
484918817,-0.582203209400177,-200.0,200,1.707240517134778e-07
1703461362,-0.40174728631973267,-200.0,200,1.5223393261294404e-05
852188541,-0.5327956080436707,-200.0,200,2.564546412031632e-07
59416269,-0.4501810073852539,-200.0,200,5.814526711674262e-05
1909535779,-0.4329146444797516,-200.0,200,1.1774297126976307e-06
1474509314,-0.4411289393901825,-200.0,200,1.202212388307089e-08
115833141,-0.4768975079059601,-200.0,200,7.211351658042986e-09
1932058377,-0.5178964734077454,-200.0,200,5.1809820433845745e-09
421689926,-0.5272242426872253,-200.0,200,5.741766017308692e-08
1315180933,-0.45725885033607483,-200.0,200,3.576906087801035e-06
1159167870,-0.43987664580345154,-200.0,200,1.3980199150864792e-05
615405447,-0.43254366517066956,-200.0,200,2.272809524583863e-08
1058329876,-0.494137704372406,-200.0,200,1.6654866840326577e-06
1751172458,-0.5306910872459412,-200.0,200,2.163500827464304e-05
1211682777,-0.4211632311344147,-200.0,200,2.205468263127841e-08
197032948,-0.550483763217926,-200.0,200,7.667758836760186e-09
1730506256,-0.5129300951957703,-200.0,200,4.8355257058574354e-06
452282494,-0.49905911087989807,-200.0,200,1.6057281936809886e-05
1785177228,-0.4671441912651062,-200.0,200,1.9802195311058313e-07
1200002685,-0.5214337110519409,-200.0,200,1.1501445897010854e-07
645983055,-0.5335366725921631,-200.0,200,2.234187713384017e-05
275357208,-0.4839675724506378,-200.0,200,1.0456301424710546e-08
374178224,-0.5055819749832153,-200.0,200,2.0757825041073376e-08
1795018932,-0.5286991596221924,-200.0,200,9.597142484381039e-06
589416174,-0.5299817323684692,-200.0,200,6.057507380319293e-06
1115746211,-0.5460915565490723,-200.0,200,2.2983608687354716e-08
1631011768,-0.43059682846069336,-200.0,200,5.153486654307926e-08
738551687,-0.4820016026496887,-200.0,200,4.662846580231417e-05
769690376,-0.5347656011581421,-200.0,200,4.333876859163866e-08
1495531370,-0.5798189043998718,-200.0,200,6.768950697733089e-09
1752774532,-0.5312880277633667,-200.0,200,2.6661100491764954e-08
2141074466,-0.5041080713272095,-200.0,200,1.3922446214564844e-07
184121558,-0.4221285581588745,-200.0,200,4.571977897285251e-06
